FX	2	0	VST: ReaEQ (Cockos)
0	Freq-Low Pass 1	0.57123869657516	1800.0
1	Gain-Low Pass 1	0.5	0.0
2	BW-Low Pass 1	0.5	2.00
3	Freq-Band 2	0.28950598835945	300.0
4	Gain-Band 2	0.5	0.0
5	BW-Band 2	0.5	2.00
6	Freq-Band 3	0.47604861855507	1000.0
7	Gain-Band 3	0.5	0.0
8	BW-Band 3	0.5	2.00
9	Freq-High Shelf 4	0.73935085535049	5000.0
10	Gain-High Shelf 4	0.5	0.0
11	BW-High Shelf 4	0.20000000298023	0.80
12	Freq-High Pass 5	0.14143806695938	100.0
13	Gain-High Pass 5	0.5	0.0
14	BW-High Pass 5	0.5	2.00
15	Global Gain	0.5	0.0
16	Bypass	0.0	normal
17	Wet	1.0	100
18	Delta	0.0	normal
FX	4	0	VST3: Surge XT Effects (Surge Synth Team)
0	Configuration Mode	0.0	Granularizer
1	Configuration Quality	0.0	32k 16-bit Stereo
2	Grain Position	0.23000000417233	23.00 %
3	Grain Size	0.77999997138977	78.00 %
4	Grain Pitch	0.5	0.00 semitones
5	Grain Density	0.63999998569489	28.00 %
6	Grain Texture	0.77999997138977	78.00 %
7	Grain Spread	0.15000000596046	15.00 %
8	Playback Freeze	0.0	Off
9	Playback Feedback	0.18000000715256	18.00 %
10	Output Reverb	0.0	0.00 %
11	Output Mix	1.0	100.00 %
12	FX Type	0.74500000476837	Nimbus
13	Bypass	0.0	Off
14	Bypass	0.0	normal
15	Wet	1.0	100
16	Delta	0.0	normal
FX	4	1	VST: ReaEQ (Cockos)
0	Freq-Low Pass 1	0.58006823062897	1900.0
1	Gain-Low Pass 1	0.5	0.0
2	BW-Low Pass 1	0.5	2.00
3	Freq-Band 2	0.28950598835945	300.0
4	Gain-Band 2	0.5	0.0
5	BW-Band 2	0.5	2.00
6	Freq-Band 3	0.47604861855507	1000.0
7	Gain-Band 3	0.5	0.0
8	BW-Band 3	0.5	2.00
9	Freq-High Shelf 4	0.73935085535049	5000.0
10	Gain-High Shelf 4	0.5	0.0
11	BW-High Shelf 4	0.20000000298023	0.80
12	Freq-High Pass 5	0.14143806695938	100.0
13	Gain-High Pass 5	0.5	0.0
14	BW-High Pass 5	0.5	2.00
15	Global Gain	0.5	0.0
16	Bypass	0.0	normal
17	Wet	1.0	100
18	Delta	0.0	normal
FX	5	0	VST3: Surge XT Effects (Surge Synth Team)
0	Pre-Delay Pre-Delay	0.30000001192093	25.4 ms
1	Reverb Room Size	0.43000000715256	-14.00 %
2	Reverb Decay Time	0.49000000953674	1.87 s
3	Reverb Diffusion	0.85000002384186	85.00 %
4	Reverb Buildup	0.62000000476837	62.00 %
5	Reverb Modulation	0.0	0.00 %
6	EQ LF Damping	0.34999999403954	35.00 %
7	EQ HF Damping	0.68000000715256	68.00 %
8	Output Width	0.5	0.00 dB
9	Output Mix	1.0	100.00 %
10	- -	0.0	-
11	- -	0.0	-
12	FX Type	0.34999999403954	Reverb 2
13	Bypass	0.0	Off
14	Bypass	0.0	normal
15	Wet	1.0	100
16	Delta	0.0	normal
FX	5	1	VST: ReaEQ (Cockos)
0	Freq-Low Pass 1	0.60405761003494	2200.0
1	Gain-Low Pass 1	0.5	0.0
2	BW-Low Pass 1	0.5	2.00
3	Freq-Band 2	0.28950598835945	300.0
4	Gain-Band 2	0.5	0.0
5	BW-Band 2	0.5	2.00
6	Freq-Band 3	0.47604861855507	1000.0
7	Gain-Band 3	0.5	0.0
8	BW-Band 3	0.5	2.00
9	Freq-High Shelf 4	0.73935085535049	5000.0
10	Gain-High Shelf 4	0.5	0.0
11	BW-High Shelf 4	0.20000000298023	0.80
12	Freq-High Pass 5	0.14143806695938	100.0
13	Gain-High Pass 5	0.5	0.0
14	BW-High Pass 5	0.5	2.00
15	Global Gain	0.5	0.0
16	Bypass	0.0	normal
17	Wet	1.0	100
18	Delta	0.0	normal
FX	8	0	VST3: ValhallaSupermassive (Valhalla DSP, LLC)
0	Mix	1.0	100.0 %
1	DelaySync	0.25	Msec
2	DelayNote	0.28571429848671	1/16
3	Delay_Ms	0.46999999880791	282.0 ms
4	DelayWarp	0.56999999284744	57.0 %
5	Clear	0.0	ClearedAgain
6	Feedback	0.43000000715256	43.0 %
7	Density	0.87000000476837	87.0 %
8	Width	1.0	100.0 %
9	LowCut	0.18999999761581	390 Hz
10	HighCut	0.20999999344349	4360 Hz
11	ModRate	0.17000000178814	0.17 Hz
12	ModDepth	0.0	0.0 %
13	Mode	0.04166667163372	Gemini
14	Reserved1	0.0	0.0
15	Reserved2	0.0	0.0 %
16	Reserved3	0.0	0.0
17	Reserved4	0.0	0.0
18	Bypass	0.0	Off
19	Bypass	0.0	normal
20	Wet	1.0	100
21	Delta	0.0	normal
FX	8	1	VST: ReaEQ (Cockos)
0	Freq-Low Pass 1	0.60405761003494	2200.0
1	Gain-Low Pass 1	0.5	0.0
2	BW-Low Pass 1	0.5	2.00
3	Freq-Band 2	0.28950598835945	300.0
4	Gain-Band 2	0.5	0.0
5	BW-Band 2	0.5	2.00
6	Freq-Band 3	0.47604861855507	1000.0
7	Gain-Band 3	0.5	0.0
8	BW-Band 3	0.5	2.00
9	Freq-High Shelf 4	0.73935085535049	5000.0
10	Gain-High Shelf 4	0.5	0.0
11	BW-High Shelf 4	0.20000000298023	0.80
12	Freq-High Pass 5	0.14143806695938	100.0
13	Gain-High Pass 5	0.5	0.0
14	BW-High Pass 5	0.5	2.00
15	Global Gain	0.5	0.0
16	Bypass	0.0	normal
17	Wet	1.0	100
18	Delta	0.0	normal
