FX	1	0	VST3: Surge XT Effects (Surge Synth Team)
0	Hysteresis Drive	0.37999999523163	38.00 %
1	Hysteresis Saturation	0.37999999523163	38.00 %
2	Hysteresis Bias	0.5	50.00 %
3	Hysteresis Tone	0.40000000596046	-20.00 %
4	Loss Speed	0.28600001335144	15.01 ips
5	Loss Gap	0.050000000745058	3.45 Î¼m
6	Loss Spacing	0.025000000372529	0.60 Î¼m
7	Loss Thickness	0.025000000372529	1.35 Î¼m
8	Degrade Depth	0.03999999910593	4.00 %
9	Degrade Amount	0.079999998211861	8.00 %
10	Degrade Variance	0.0	0.00 %
11	Output Mix	0.75	75.00 %
12	FX Type	0.77999997138977	Tape
13	Bypass	0.0	Off
14	Bypass	0.0	normal
15	Wet	1.0	100
16	Delta	0.0	normal
FX	1	1	JS: Resonant Lowpass Filter
0	Frequency (Hz)	0.14414414414414	2900.0
1	Resonance	0.15	0.15
2	Bypass	0.0	normal
3	Wet	1.0	100
4	Delta	0.0	normal
FX	2	0	VST3: Surge XT Effects (Surge Synth Team)
0	Hysteresis Drive	0.30000001192093	30.00 %
1	Hysteresis Saturation	0.37999999523163	38.00 %
2	Hysteresis Bias	0.5	50.00 %
3	Hysteresis Tone	0.40000000596046	-20.00 %
4	Loss Speed	0.28600001335144	15.01 ips
5	Loss Gap	0.050000000745058	3.45 Î¼m
6	Loss Spacing	0.025000000372529	0.60 Î¼m
7	Loss Thickness	0.025000000372529	1.35 Î¼m
8	Degrade Depth	0.03999999910593	4.00 %
9	Degrade Amount	0.079999998211861	8.00 %
10	Degrade Variance	0.0	0.00 %
11	Output Mix	0.75	75.00 %
12	FX Type	0.77999997138977	Tape
13	Bypass	0.0	Off
14	Bypass	0.0	normal
15	Wet	1.0	100
16	Delta	0.0	normal
FX	2	1	JS: Resonant Lowpass Filter
0	Frequency (Hz)	0.15415415415415	3100.0
1	Resonance	0.15	0.15
2	Bypass	0.0	normal
3	Wet	1.0	100
4	Delta	0.0	normal
FX	3	0	VST3: Surge XT Effects (Surge Synth Team)
0	Hysteresis Drive	0.41999998688698	42.00 %
1	Hysteresis Saturation	0.37999999523163	38.00 %
2	Hysteresis Bias	0.5	50.00 %
3	Hysteresis Tone	0.40000000596046	-20.00 %
4	Loss Speed	0.28600001335144	15.01 ips
5	Loss Gap	0.050000000745058	3.45 Î¼m
6	Loss Spacing	0.025000000372529	0.60 Î¼m
7	Loss Thickness	0.025000000372529	1.35 Î¼m
8	Degrade Depth	0.03999999910593	4.00 %
9	Degrade Amount	0.079999998211861	8.00 %
10	Degrade Variance	0.0	0.00 %
11	Output Mix	0.75	75.00 %
12	FX Type	0.77999997138977	Tape
13	Bypass	0.0	Off
14	Bypass	0.0	normal
15	Wet	1.0	100
16	Delta	0.0	normal
FX	3	1	JS: Resonant Lowpass Filter
0	Frequency (Hz)	0.13413413413413	2700.0
1	Resonance	0.15	0.15
2	Bypass	0.0	normal
3	Wet	1.0	100
4	Delta	0.0	normal
FX	4	0	VST3: Surge XT Effects (Surge Synth Team)
0	Configuration Mode	0.0	Granularizer
1	Configuration Quality	0.0	32k 16-bit Stereo
2	Grain Position	0.23000000417233	23.00 %
3	Grain Size	0.77999997138977	78.00 %
4	Grain Pitch	0.5	0.00 semitones
5	Grain Density	0.63999998569489	28.00 %
6	Grain Texture	0.77999997138977	78.00 %
7	Grain Spread	0.15000000596046	15.00 %
8	Playback Freeze	0.0	Off
9	Playback Feedback	0.18000000715256	18.00 %
10	Output Reverb	0.0	0.00 %
11	Output Mix	1.0	100.00 %
12	FX Type	0.74500000476837	Nimbus
13	Bypass	0.0	Off
14	Bypass	0.0	normal
15	Wet	1.0	100
16	Delta	0.0	normal
FX	4	1	JS: Resonant Lowpass Filter
0	Frequency (Hz)	0.10910910910911	2200.0
1	Resonance	0.15	0.15
2	Bypass	0.0	normal
3	Wet	1.0	100
4	Delta	0.0	normal
FX	5	0	VST3: Surge XT Effects (Surge Synth Team)
0	Pre-Delay Pre-Delay	0.30000001192093	25.4 ms
1	Reverb Room Size	0.43000000715256	-14.00 %
2	Reverb Decay Time	0.49000000953674	1.87 s
3	Reverb Diffusion	0.85000002384186	85.00 %
4	Reverb Buildup	0.62000000476837	62.00 %
5	Reverb Modulation	0.0	0.00 %
6	EQ LF Damping	0.34999999403954	35.00 %
7	EQ HF Damping	0.68000000715256	68.00 %
8	Output Width	0.5	0.00 dB
9	Output Mix	1.0	100.00 %
10	- -	0.0	-
11	- -	0.0	-
12	FX Type	0.34999999403954	Reverb 2
13	Bypass	0.0	Off
14	Bypass	0.0	normal
15	Wet	1.0	100
16	Delta	0.0	normal
FX	5	1	JS: Resonant Lowpass Filter
0	Frequency (Hz)	0.12912912912913	2600.0
1	Resonance	0.15	0.15
2	Bypass	0.0	normal
3	Wet	1.0	100
4	Delta	0.0	normal
FX	8	0	VST3: ValhallaSupermassive (Valhalla DSP, LLC)
0	Mix	1.0	100.0 %
1	DelaySync	0.25	Msec
2	DelayNote	0.28571429848671	1/16
3	Delay_Ms	0.46999999880791	282.0 ms
4	DelayWarp	0.56999999284744	57.0 %
5	Clear	1.0	Cleared
6	Feedback	0.43000000715256	43.0 %
7	Density	0.87000000476837	87.0 %
8	Width	1.0	100.0 %
9	LowCut	0.18999999761581	390 Hz
10	HighCut	0.20999999344349	4360 Hz
11	ModRate	0.17000000178814	0.17 Hz
12	ModDepth	0.0	0.0 %
13	Mode	0.04166667163372	Gemini
14	Reserved1	0.0	0.0
15	Reserved2	0.0	0.0 %
16	Reserved3	0.0	0.0
17	Reserved4	0.0	0.0
18	Bypass	0.0	Off
19	Bypass	0.0	normal
20	Wet	1.0	100
21	Delta	0.0	normal
FX	8	1	JS: Resonant Lowpass Filter
0	Frequency (Hz)	0.13913913913914	2800.0
1	Resonance	0.15	0.15
2	Bypass	0.0	normal
3	Wet	1.0	100
4	Delta	0.0	normal
