track_id,section,start_s,end_s,supported_notes,key_profile_candidate,key_profile_correlation,tonality_status,rms_dbfs,power_centroid_hz,side_to_mid_db,spectral_flatness,amplitude_period_candidate_s,period_autocorrelation
radio_amor_01,1,0.0,22.5,G1;F6;F2;Ab4;D4,F minor,0.598,pitched_components_supported_mode_unverified,-28.34,1482.5,-6.76,0.0206,0.9,0.16
radio_amor_01,2,22.5,55.5,B4;A2;E5;B3;A4;D3,A minor,0.634,pitched_components_supported_mode_unverified,-13.13,555.5,-12.56,0.001,0.58,0.132
radio_amor_01,3,55.5,81.5,E5;B4;A4;A2;G2;D3,A minor,0.713,pitched_components_supported_mode_unverified,-10.53,556.3,-12.17,0.0001,0.58,0.237
radio_amor_01,4,81.5,100.5,B4;A2;A4;C4;E2;C3;B3,A minor,0.808,pitched_components_supported_mode_unverified,-11.61,346.5,-13.17,0.0003,0.64,0.377
radio_amor_01,5,100.5,134.0,E5;A2;B4;D3;E4;A1;C4,A minor,0.766,pitched_components_supported_mode_unverified,-13.05,457.8,-8.64,0.0002,3.82,0.137
radio_amor_01,6,134.0,164.0,Eb5;Bb4;C#3;Ab2;C#5,Ab major,0.762,pitched_components_supported_mode_unverified,-11.2,539.0,-11.79,0.0004,3.74,0.11
radio_amor_01,7,164.0,191.5,C5;Eb5;F5;C#3;Bb4;Bb2,C minor,0.647,pitched_components_supported_mode_unverified,-14.0,617.4,-9.01,0.0001,3.16,0.104
radio_amor_01,8,191.5,209.0,E5;B4;A2;A4;D2;D3,E major,0.675,pitched_components_supported_mode_unverified,-13.45,624.2,-10.87,0.0001,0.62,0.231
radio_amor_01,9,209.0,224.0,A4;A2;B3;G2;E5;B4;A3,A minor,0.775,pitched_components_supported_mode_unverified,-12.76,484.7,-9.13,0.0001,0.52,0.331
radio_amor_01,10,224.0,286.0,B3;B4;A2;C3;E3,E major,0.554,pitched_components_supported_mode_unverified,-12.14,359.1,-7.01,0.0001,3.72,0.057
radio_amor_01,11,286.0,376.0,Eb5;C#2;D2;C5;Eb4;Eb3;C#3,Ab major,0.613,pitched_components_supported_mode_unverified,-14.71,627.4,-5.75,0.0004,0.24,0.152
radio_amor_01,12,376.0,434.0,F5;F3;Eb5;F2;Bb4;E4;Bb3;Ab4,F minor,0.719,pitched_components_supported_mode_unverified,-24.51,730.6,-7.34,0.0035,1.94,0.101
radio_amor_01,13,434.0,444.31,Ab2;G5;Ab1;D6;G2;C6;G1;Eb2,Ab major,0.524,pitched_components_supported_mode_unverified,-29.07,1008.8,-6.53,0.0192,0.18,0.315
radio_amor_02,1,0.0,90.0,Ab2;G5;D6;G2,Ab major,0.498,pitched_components_supported_mode_unverified,-14.22,804.5,-5.21,0.0045,0.26,0.08
radio_amor_02,2,90.0,96.5,Ab2;Ab1;G5;D6;G1;Eb2;G2,Ab major,0.56,pitched_components_supported_mode_unverified,-12.66,640.7,-3.72,0.0016,0.24,0.173
radio_amor_02,3,96.5,117.5,Ab2;G5;G1;C6;Eb2;D6,Ab major,0.499,pitched_components_supported_mode_unverified,-16.79,780.2,-2.41,0.0031,0.96,0.11
radio_amor_02,4,117.5,137.0,G1;Eb2;G5;D5;D2;Ab2,G minor,0.651,pitched_components_supported_mode_unverified,-18.77,653.3,-3.49,0.0006,0.2,0.114
radio_amor_02,5,137.0,171.5,Ab1;G5;Ab2;Eb2;F#1;C6;A1;Eb1,Ab major,0.582,pitched_components_supported_mode_unverified,-18.88,751.7,-2.68,0.0014,2.6,0.066
radio_amor_02,6,171.5,240.5,Ab2;G5;G1;G2,Ab major,0.505,pitched_components_supported_mode_unverified,-13.04,414.4,-3.57,0.0013,3.52,0.122
radio_amor_02,7,240.5,268.5,G5;G1;Ab2;D6;C2,G minor,0.441,pitched_components_supported_mode_unverified,-12.98,717.2,-3.68,0.0024,1.44,0.16
radio_amor_02,8,268.5,292.19,Ab2;G1;G5;G2,Ab major,0.374,pitched_components_supported_mode_unverified,-13.11,630.3,-3.51,0.0042,0.34,0.106
radio_amor_03,1,0.0,44.5,D2;A5;G2;Eb2,D major,0.719,pitched_components_supported_mode_unverified,-21.95,626.2,-0.67,0.0055,1.88,0.114
radio_amor_03,2,44.5,83.0,D2;A5;C#2,D major,0.795,pitched_components_supported_mode_unverified,-16.32,637.2,-3.31,0.0023,2.3,0.092
radio_amor_03,3,83.0,110.5,D2;D1;A4,D major,0.735,pitched_components_supported_mode_unverified,-14.79,325.0,1.3,0.0004,3.12,0.279
radio_amor_03,4,110.5,133.5,D2;G2;D1,D major,0.746,pitched_components_supported_mode_unverified,-10.51,196.1,-6.68,0.0001,3.12,0.186
radio_amor_03,5,133.5,149.0,D2;D1;A2,D major,0.763,pitched_components_supported_mode_unverified,-8.01,145.2,-7.79,0.0,1.92,0.148
radio_amor_03,6,149.0,164.5,D2;D1,D major,0.687,pitched_components_supported_mode_unverified,-9.11,97.1,-8.2,0.0,0.42,0.255
radio_amor_03,7,164.5,206.5,D1;D2;G2,D major,0.747,pitched_components_supported_mode_unverified,-12.33,326.7,-4.88,0.0002,0.18,0.127
radio_amor_03,8,206.5,247.5,D2;G2;D1;A5;C2,D major,0.766,pitched_components_supported_mode_unverified,-12.33,459.1,-2.7,0.0001,3.12,0.192
radio_amor_03,9,247.5,275.0,D2;C2;G2,D major,0.711,pitched_components_supported_mode_unverified,-12.92,340.9,-4.17,0.0002,0.2,0.266
radio_amor_03,10,275.0,294.5,D2;D1;A4;G2,D major,0.786,pitched_components_supported_mode_unverified,-14.9,290.1,-5.56,0.0002,0.22,0.166
radio_amor_03,11,294.5,384.5,D2;D1,D major,0.721,pitched_components_supported_mode_unverified,-17.35,177.4,0.48,0.0001,0.2,0.237
radio_amor_03,12,384.5,393.5,D2;A4,D major,0.799,pitched_components_supported_mode_unverified,-13.92,310.2,0.6,0.0001,2.4,0.319
radio_amor_03,13,393.5,437.0,D2,D minor,0.739,insufficient_narrow_peak_support_for_key_claim,-21.67,301.4,3.25,0.0016,1.48,0.426
radio_amor_03,14,437.0,472.5,D2;A4,D minor,0.781,pitched_components_supported_mode_unverified,-22.79,479.5,2.49,0.0042,1.48,0.257
radio_amor_03,15,472.5,489.32,D5;B4;Bb4;B5;Bb2;Eb3;D4;Bb3,Bb major,0.537,pitched_components_supported_mode_unverified,-29.6,797.7,-1.47,0.0086,0.26,0.107
radio_amor_04,1,0.0,15.0,D4;Bb2;F3;F4;A3;G4;Eb3,D minor,0.901,pitched_components_supported_mode_unverified,-14.49,435.7,-6.7,0.0003,1.96,0.101
radio_amor_04,2,15.0,65.5,D4;C4;Bb2;F3;F4;A3;Eb3,Bb major,0.795,pitched_components_supported_mode_unverified,-13.71,403.1,-5.83,0.0001,0.24,0.103
radio_amor_04,3,65.5,98.0,D4;F3;Bb2;F4;A3,D minor,0.937,pitched_components_supported_mode_unverified,-12.91,408.6,-7.14,0.0,0.86,0.067
radio_amor_04,4,98.0,123.0,C4;Ab2;D4;Eb3;Eb4;F3,C minor,0.912,pitched_components_supported_mode_unverified,-13.81,361.6,-8.25,0.0,0.54,0.076
radio_amor_04,5,123.0,157.0,D4;F3;Bb2;F4;A3;A4,D minor,0.952,pitched_components_supported_mode_unverified,-13.9,427.3,-5.6,0.0001,0.12,0.156
radio_amor_04,6,157.0,189.5,C4;Bb3;Ab2;Eb3;C#4;Eb4;C#3;F#2,Ab major,0.754,pitched_components_supported_mode_unverified,-12.59,350.6,-8.35,0.0001,0.24,0.14
radio_amor_04,7,189.5,207.0,D4;Bb2;F3;F4;A3,D minor,0.917,pitched_components_supported_mode_unverified,-12.69,415.4,-6.66,0.0001,0.2,0.14
radio_amor_04,8,207.0,229.0,C4;D4;Ab2;Eb3;Eb4;F3,C minor,0.893,pitched_components_supported_mode_unverified,-12.47,354.0,-7.48,0.0001,0.18,0.093
radio_amor_04,9,229.0,264.0,D4;Ab2;Bb2;C4;F4;F3;Eb4;Eb3,Bb major,0.779,pitched_components_supported_mode_unverified,-16.77,292.0,-5.85,0.0,0.18,0.204
radio_amor_04,10,264.0,286.0,Ab2;C4;Eb3;Bb2;F3;D4,Ab major,0.86,pitched_components_supported_mode_unverified,-22.27,223.0,-5.53,0.0004,3.24,0.092
radio_amor_04,11,286.0,316.67,G1,G major,0.585,insufficient_narrow_peak_support_for_key_claim,-34.63,863.5,-11.15,0.003,3.06,0.075
radio_amor_05,1,0.0,59.5,Eb1;G1;F4,Eb major,0.762,pitched_components_supported_mode_unverified,-22.6,535.9,-4.14,0.0034,0.24,0.276
radio_amor_05,2,59.5,78.5,F1;C3;Bb1;G1;Bb3,F major,0.798,pitched_components_supported_mode_unverified,-19.31,674.0,-3.28,0.0051,0.5,0.364
radio_amor_05,3,78.5,100.5,F1;Eb1;Bb1;C3;Bb3;F3;Bb5,Bb major,0.726,pitched_components_supported_mode_unverified,-20.4,699.4,-1.86,0.0075,0.14,0.136
radio_amor_05,4,100.5,134.0,F1;Bb1;Eb1;F3;Bb3;C3;Eb6;Eb3,Bb major,0.795,pitched_components_supported_mode_unverified,-20.01,801.2,-0.74,0.0137,0.5,0.32
radio_amor_05,5,134.0,177.5,F1;Bb3;F3;Bb1;C3;Bb2,Bb major,0.827,pitched_components_supported_mode_unverified,-19.86,795.1,-0.79,0.0159,0.5,0.279
radio_amor_05,6,177.5,232.5,Bb1;Eb1;F3;Eb6;Bb2;C5;Bb3,Bb major,0.839,pitched_components_supported_mode_unverified,-18.97,1003.2,-0.92,0.0164,0.5,0.313
radio_amor_05,7,232.5,320.5,Eb1;F1;Bb1;Eb2;Bb2;Eb6;Eb3;Bb3,Eb major,0.817,pitched_components_supported_mode_unverified,-23.88,947.6,-1.0,0.0172,0.5,0.252
radio_amor_05,8,320.5,343.76,E5;D5;A4;A5;E4;B5;Bb4;C6,A major,0.794,pitched_components_supported_mode_unverified,-40.75,959.8,-6.42,0.0122,0.14,0.383
radio_amor_06,1,0.0,34.0,Bb3;F3;Bb2;F#2,Bb minor,0.843,pitched_components_supported_mode_unverified,-20.94,242.3,-2.2,0.0026,3.24,0.265
radio_amor_06,2,34.0,62.0,Bb3;F3;F#2;F4,Bb minor,0.871,pitched_components_supported_mode_unverified,-22.25,222.8,-3.72,0.0008,3.92,0.221
radio_amor_06,3,62.0,116.07,D3;G1;Eb3;Ab1;F3;Bb3,G minor,0.61,pitched_components_supported_mode_unverified,-17.24,161.9,-4.49,0.0004,3.3,0.118
radio_amor_07,1,0.0,90.0,D3;Eb3;G1;Ab1,D minor,0.475,pitched_components_supported_mode_unverified,-14.53,150.6,-3.23,0.0002,0.18,0.094
radio_amor_07,2,90.0,109.5,D3;D2;Eb3;Eb2;Bb3;C#2,D minor,0.534,pitched_components_supported_mode_unverified,-15.58,149.1,-2.7,0.001,3.2,0.272
radio_amor_07,3,109.5,147.0,Bb3;C#4,Bb minor,0.815,pitched_components_supported_mode_unverified,-17.11,223.6,-3.04,0.0016,3.2,0.826
radio_amor_07,4,147.0,183.0,G3;Bb3;Eb3,G minor,0.791,pitched_components_supported_mode_unverified,-21.03,136.0,-3.58,0.0008,0.18,0.341
radio_amor_07,5,183.0,200.0,Eb3;F#1;C3;Eb2;D1;Eb1;A1;B1,Eb minor,0.623,pitched_components_supported_mode_unverified,-18.1,133.6,-5.72,0.0004,0.64,0.412
radio_amor_07,6,200.0,233.0,Bb3,Eb major,0.641,insufficient_narrow_peak_support_for_key_claim,-22.71,95.0,-5.01,0.0007,0.12,0.425
radio_amor_07,7,233.0,253.5,Bb3;G3;C#4,Bb major,0.727,pitched_components_supported_mode_unverified,-22.76,120.9,-6.22,0.0004,0.12,0.527
radio_amor_07,8,253.5,280.0,,C# major,0.689,insufficient_narrow_peak_support_for_key_claim,-23.58,65.4,-4.55,0.0009,0.16,0.244
radio_amor_07,9,280.0,311.31,,C# major,0.452,insufficient_narrow_peak_support_for_key_claim,-20.85,50.5,-5.51,0.0021,0.1,0.149
radio_amor_08,1,0.0,36.0,C#5,C# major,0.917,insufficient_narrow_peak_support_for_key_claim,-23.24,477.5,-7.95,0.0379,0.18,0.14
radio_amor_08,2,36.0,79.0,C#5;F#4;F5;Bb4;Ab4;Eb4,C# major,0.878,pitched_components_supported_mode_unverified,-21.09,979.1,-8.54,0.073,1.5,0.191
radio_amor_08,3,79.0,100.5,C#4;F#5;Bb5;F#4;C#5,Bb minor,0.836,pitched_components_supported_mode_unverified,-20.72,779.1,-16.08,0.0413,3.26,0.196
radio_amor_08,4,100.5,118.5,C#5;F5;C#4;Bb3;Bb4,C# major,0.773,pitched_components_supported_mode_unverified,-18.15,588.3,-18.24,0.0272,0.1,0.529
radio_amor_08,5,118.5,134.5,F#4;F#5;C#5;Bb4,F# major,0.868,pitched_components_supported_mode_unverified,-18.44,807.3,-16.64,0.0405,3.68,0.293
radio_amor_08,6,134.5,161.0,Ab4;F#5;F#4;Ab5;Bb4;Bb5,F# major,0.718,pitched_components_supported_mode_unverified,-18.03,723.0,-17.03,0.0356,0.22,0.14
radio_amor_08,7,161.0,179.0,Ab4;C5;F4;F3,F minor,0.856,pitched_components_supported_mode_unverified,-16.14,562.9,-17.54,0.0284,0.16,0.174
radio_amor_08,8,179.0,216.5,F#4;C#4;C#5;Bb4,F# major,0.858,pitched_components_supported_mode_unverified,-17.88,678.6,-13.4,0.0361,0.12,0.478
radio_amor_08,9,216.5,289.32,F3;C#4;Ab4;F#6,Bb minor,0.806,pitched_components_supported_mode_unverified,-24.43,874.3,-4.75,0.0494,0.16,0.367
radio_amor_09,1,0.0,50.0,Eb2;G2;C#2;Ab2;D2;E2;C2,Ab major,0.448,pitched_components_supported_mode_unverified,-21.07,327.9,-3.41,0.0038,0.2,0.171
radio_amor_09,2,50.0,77.5,Eb2;C2;E2;Ab2;G2;C#2,C minor,0.768,pitched_components_supported_mode_unverified,-14.46,727.9,-4.18,0.0008,0.22,0.377
radio_amor_09,3,77.5,105.5,C#2;Eb2;C2;E2;G2;Ab2,C minor,0.51,pitched_components_supported_mode_unverified,-15.07,892.5,-3.83,0.0011,0.44,0.262
radio_amor_09,4,105.5,120.5,C2;Eb2;C#2;Ab2;E2;G2;D2,C minor,0.793,pitched_components_supported_mode_unverified,-12.8,817.6,-5.16,0.0018,0.22,0.136
radio_amor_09,5,120.5,139.0,C2;Eb2;Eb1;C#2;E2;E1;D2,C minor,0.653,pitched_components_supported_mode_unverified,-14.17,748.5,-5.23,0.0021,0.16,0.105
radio_amor_09,6,139.0,183.5,G2;Ab2;Eb2;D2;E1;C#2,Eb major,0.556,pitched_components_supported_mode_unverified,-15.95,953.6,-2.65,0.0022,0.22,0.279
radio_amor_09,7,183.5,201.0,Eb2;Ab2;G2;E1;C2;C#2;E2,Ab major,0.63,pitched_components_supported_mode_unverified,-14.68,752.8,-3.45,0.0017,0.22,0.389
radio_amor_09,8,201.0,252.5,Eb2;C2;C#2;E2;Ab2;G2;E1,C minor,0.584,pitched_components_supported_mode_unverified,-13.69,358.3,-6.66,0.0008,2.96,0.171
radio_amor_09,9,252.5,342.5,Eb4;D4;G3;Ab3;B1;Eb3,Eb major,0.658,pitched_components_supported_mode_unverified,-16.52,436.8,-6.52,0.0001,2.96,0.214
radio_amor_09,10,342.5,432.5,Eb4;D4;G3;B1;Ab3;Bb1;Eb3,Eb major,0.671,pitched_components_supported_mode_unverified,-13.77,352.4,-10.83,0.0,3.32,0.223
radio_amor_09,11,432.5,522.5,Eb4;D4;Ab3;G3;Eb3,Eb major,0.666,pitched_components_supported_mode_unverified,-13.89,356.3,-10.54,0.0001,0.74,0.161
radio_amor_09,12,522.5,612.5,Eb4;D4;C2;Ab2;C#2;Ab3;G3,C minor,0.728,pitched_components_supported_mode_unverified,-13.36,433.2,-8.87,0.0004,2.96,0.275
radio_amor_09,13,612.5,634.28,C#1;E1;Eb1;D1,C# minor,0.708,pitched_components_supported_mode_unverified,-32.34,452.9,-5.5,0.0103,3.92,0.102
radio_amor_10,1,0.0,13.0,C#1;Eb3;E1;Eb1;D1;F#3,C# minor,0.624,pitched_components_supported_mode_unverified,-24.38,80.8,-3.88,0.0003,1.0,0.14
radio_amor_10,2,13.0,38.5,F#3;Eb3,F# major,0.753,pitched_components_supported_mode_unverified,-21.22,215.6,-4.6,0.0007,0.14,0.467
radio_amor_10,3,38.5,116.0,F#3;Eb3;B3;C#4;Bb3;F4;F#4;Eb4,Eb minor,0.922,pitched_components_supported_mode_unverified,-13.02,285.0,-5.6,0.0001,0.1,0.716
radio_amor_10,4,116.0,149.5,F#3;Eb3;Bb3;Ab2;C#4;F#4;B3;Eb4,Eb minor,0.916,pitched_components_supported_mode_unverified,-15.96,267.1,-3.64,0.0004,0.1,0.685
radio_amor_10,5,149.5,171.0,B3;F#3;B2;Eb3;Ab3;C#4;Ab2;F#4,B major,0.884,pitched_components_supported_mode_unverified,-15.14,271.5,-5.38,0.0008,0.1,0.698
radio_amor_10,6,171.0,188.5,Eb3;F#3;Ab3;B2;B3,Eb minor,0.857,pitched_components_supported_mode_unverified,-12.39,243.9,-4.23,0.0004,0.1,0.651
radio_amor_10,7,188.5,205.0,B2;Eb3;Eb4;B3;F#3;Ab3;Bb3,B major,0.815,pitched_components_supported_mode_unverified,-15.48,257.9,-2.12,0.0008,0.1,0.635
radio_amor_10,8,205.0,232.0,F#3;Eb3;B3,Eb minor,0.76,pitched_components_supported_mode_unverified,-19.67,290.2,-3.49,0.0008,0.1,0.353
radio_amor_10,9,232.0,264.3,F#4;B3;B2;A5,B major,0.792,pitched_components_supported_mode_unverified,-34.64,835.4,-1.64,0.0468,1.0,0.184
mirages_01,1,0.0,27.5,C3;E3;C#6;C6,A minor,0.656,pitched_components_supported_mode_unverified,-20.48,1343.0,-7.74,0.0092,2.98,0.028
mirages_01,2,27.5,95.5,A1;D2;Ab1;E2;E6,A major,0.817,pitched_components_supported_mode_unverified,-12.66,1119.6,-6.37,0.0124,0.18,0.066
mirages_01,3,95.5,131.0,D2;E5,A minor,0.794,pitched_components_supported_mode_unverified,-14.94,1157.2,-3.13,0.0672,3.02,0.072
mirages_01,4,131.0,168.0,F#5;A2;B2,A minor,0.705,pitched_components_supported_mode_unverified,-14.62,1286.8,-5.4,0.0325,0.48,0.081
mirages_01,5,168.0,240.5,A1;D2;Ab1;Bb1;E2,A major,0.793,pitched_components_supported_mode_unverified,-13.18,956.7,-4.68,0.0177,0.4,0.056
mirages_01,6,240.5,257.0,D2;B1;A3;B2;E4;E3,A major,0.734,pitched_components_supported_mode_unverified,-15.8,1053.0,-1.93,0.0261,3.54,0.131
mirages_01,7,257.0,276.0,D2;E4;Bb1,D major,0.773,pitched_components_supported_mode_unverified,-16.02,1305.8,-4.89,0.0212,2.3,0.257
mirages_01,8,276.0,297.89,E4;F#6;B4;D2;E6;C#1;D4;G1,E minor,0.814,pitched_components_supported_mode_unverified,-16.85,1366.9,-6.59,0.0116,0.4,0.21
mirages_02,1,0.0,71.5,F2;C3;F5;G2;C5;Bb4;A4;D5,F major,0.872,pitched_components_supported_mode_unverified,-15.47,401.8,-2.83,0.0008,0.12,0.213
mirages_02,2,71.5,88.0,F2;C3;C5;G2;F5;G1;Bb4;D3,F major,0.856,pitched_components_supported_mode_unverified,-17.31,330.0,-0.32,0.0002,2.86,0.149
mirages_02,3,88.0,109.0,F2;G2;C3;G1;C5;Bb4;F5;D3,C major,0.763,pitched_components_supported_mode_unverified,-17.3,277.8,0.39,0.0003,0.12,0.294
mirages_02,4,109.0,190.11,C2;D2;G2;Ab2;G1;C5;F2;F1,C major,0.769,pitched_components_supported_mode_unverified,-15.44,194.7,-2.73,0.0002,2.54,0.125
mirages_03,1,0.0,23.0,C2;Eb1;D2;C#2;G2,C minor,0.711,pitched_components_supported_mode_unverified,-17.26,515.8,-8.99,0.0035,3.64,0.1
mirages_03,2,23.0,39.5,Ab1;G1;B1;C#2;Bb1;C2,Ab minor,0.646,pitched_components_supported_mode_unverified,-15.85,358.2,-8.83,0.004,1.96,0.131
mirages_03,3,39.5,58.0,Ab1;G1;B1;A4;Bb1;C#1,Ab minor,0.68,pitched_components_supported_mode_unverified,-15.65,365.9,-7.44,0.0034,0.44,0.096
mirages_03,4,58.0,90.0,Ab1;G1;C#2,Ab major,0.586,pitched_components_supported_mode_unverified,-14.65,238.0,-7.22,0.0018,3.92,0.086
mirages_03,5,90.0,119.0,Ab1;G1;B1;Bb1,Ab minor,0.635,pitched_components_supported_mode_unverified,-12.35,193.3,-6.39,0.0017,0.14,0.218
mirages_03,6,119.0,157.0,Ab1;G1;C#2;Bb1;C2;D3;Bb2;F2,Ab major,0.495,pitched_components_supported_mode_unverified,-12.32,223.0,-6.74,0.0015,1.98,0.153
mirages_03,7,157.0,177.0,C#2;C2;G1;Ab1;B1,C# major,0.578,pitched_components_supported_mode_unverified,-13.2,213.7,-6.62,0.0031,0.12,0.236
mirages_03,8,177.0,217.97,Ab1;G1,Ab major,0.647,pitched_components_supported_mode_unverified,-12.96,129.9,-6.06,0.0027,1.66,0.112
mirages_04,1,0.0,90.0,G2;G1;Ab1;A4;F3;Bb2;D5;D3,G minor,0.733,pitched_components_supported_mode_unverified,-15.95,491.5,-3.16,0.001,0.16,0.807
mirages_04,2,90.0,93.5,G2;A4;G1;D3,G minor,0.685,pitched_components_supported_mode_unverified,-17.06,484.6,-3.04,0.0009,0.16,0.597
mirages_04,3,93.5,114.0,G2;F3;F2;G5;A4;A5;D3;Bb2,F major,0.706,pitched_components_supported_mode_unverified,-16.57,574.6,-2.83,0.0017,0.14,0.696
mirages_04,4,114.0,162.5,F1;D3;G2;A5;F3;G3;A4,D minor,0.776,pitched_components_supported_mode_unverified,-14.78,509.7,-4.33,0.0089,2.28,0.216
mirages_04,5,162.5,198.5,D3;G2;F3;A5;A4,D minor,0.84,pitched_components_supported_mode_unverified,-13.67,503.1,-3.41,0.0038,0.12,0.585
mirages_04,6,198.5,234.0,G2;F1;C3;F2;D3;C2;F3,C major,0.743,pitched_components_supported_mode_unverified,-14.7,216.8,-4.11,0.0023,2.36,0.242
mirages_04,7,234.0,271.97,C3;C2;F1,C major,0.738,pitched_components_supported_mode_unverified,-16.0,137.4,-7.43,0.001,0.34,0.063
mirages_05,1,0.0,90.0,D2;E2;Eb1;E3;F#2,D major,0.504,pitched_components_supported_mode_unverified,-17.66,87.1,-1.49,0.0,2.42,0.191
mirages_05,2,90.0,95.5,C#1;E2;D3;A1;F#2,D major,0.521,pitched_components_supported_mode_unverified,-16.21,112.6,-1.6,0.0,1.92,0.189
mirages_05,3,95.5,133.37,A1;D2;Eb2;G2;G1;Eb1,D major,0.666,pitched_components_supported_mode_unverified,-18.69,196.6,-2.55,0.002,0.26,0.122
mirages_06,1,0.0,84.5,A1;E1;Eb2;Ab1;B1;E2;Eb1;C#1,E major,0.701,pitched_components_supported_mode_unverified,-16.43,931.6,-3.93,0.0045,0.12,0.241
mirages_06,2,84.5,117.0,G1;E1;Eb2;C#3;G2,E minor,0.493,pitched_components_supported_mode_unverified,-16.16,859.6,-3.85,0.008,0.12,0.074
mirages_06,3,117.0,141.13,D4;C4;C5;E5;Bb2;E4;Eb2,C major,0.54,pitched_components_supported_mode_unverified,-19.42,880.1,-2.79,0.0218,0.28,0.122
mirages_07,1,0.0,26.0,C4;D4;D5;E4;C5;Bb1;D3;G4,C major,0.621,pitched_components_supported_mode_unverified,-17.79,702.7,-3.59,0.0088,0.4,0.267
mirages_07,2,26.0,47.5,F3;C4;E5;D5;Bb1;D3;D4;E4,D minor,0.771,pitched_components_supported_mode_unverified,-16.85,587.0,0.59,0.0022,0.94,0.122
mirages_07,3,47.5,65.0,E5;D5;Bb1;D4;G4;C4;D3;A3,D minor,0.727,pitched_components_supported_mode_unverified,-17.64,569.5,1.06,0.0011,0.26,0.204
mirages_07,4,65.0,132.5,Bb2;G2;D3;F3;Bb1;E5,G minor,0.833,pitched_components_supported_mode_unverified,-15.34,366.5,0.38,0.0005,0.26,0.259
mirages_07,5,132.5,169.0,G2;Bb2;D3,G minor,0.928,pitched_components_supported_mode_unverified,-17.97,220.6,0.55,0.0008,2.02,0.181
mirages_07,6,169.0,189.88,G2;Bb2;A4;D3;Bb1;E4;E5,G minor,0.776,pitched_components_supported_mode_unverified,-18.78,548.5,-2.77,0.0018,0.66,0.095
mirages_08,1,0.0,70.49,A4;E2;E3;A1;A2,A minor,0.826,pitched_components_supported_mode_unverified,-21.29,518.1,-6.01,0.0074,1.58,0.084
mirages_09,1,0.0,52.0,D2;B1;B2;D3;F#2,B minor,0.838,pitched_components_supported_mode_unverified,-16.17,169.3,-6.07,0.0018,1.32,0.352
mirages_09,2,52.0,69.0,D2;B2;B1;F#2;D3,B minor,0.933,pitched_components_supported_mode_unverified,-17.49,305.8,-4.91,0.0039,3.16,0.138
mirages_09,3,69.0,100.5,D2;B1;D3;B2;F#2;A2,B minor,0.809,pitched_components_supported_mode_unverified,-16.13,201.0,-5.47,0.0018,1.06,0.307
mirages_09,4,100.5,130.5,A2;A3;F#3;F#4;F#2;F#1;F1;C3,F# minor,0.745,pitched_components_supported_mode_unverified,-16.95,215.2,-3.0,0.0016,1.08,0.186
mirages_09,5,130.5,155.5,C2;Eb2;C3;Eb1;F#1;G2;G1,C minor,0.861,pitched_components_supported_mode_unverified,-17.38,149.7,-3.23,0.0046,0.12,0.207
mirages_09,6,155.5,188.29,Eb2;C2;Bb2;G2,C minor,0.83,pitched_components_supported_mode_unverified,-18.62,201.9,-9.47,0.0056,0.2,0.13
mirages_10,1,0.0,21.0,C2;F1;F#1;Eb2;C#3;Eb1;Bb2;G2,C minor,0.709,pitched_components_supported_mode_unverified,-14.58,315.0,-8.54,0.0054,3.78,0.174
mirages_10,2,21.0,37.0,F1;F#1;Eb1;Ab1;Bb1;C2,Bb minor,0.539,pitched_components_supported_mode_unverified,-14.21,380.0,-7.25,0.0067,0.74,0.116
mirages_10,3,37.0,67.0,G1;Ab1;Bb1;C2;B1;C#2;F3;Eb3,G minor,0.517,pitched_components_supported_mode_unverified,-14.13,523.2,-5.28,0.0079,2.26,0.145
mirages_10,4,67.0,98.0,G1;Ab1;Bb1;B1;Eb2;D3;Eb3,Ab minor,0.559,pitched_components_supported_mode_unverified,-13.78,537.0,-4.64,0.0069,0.7,0.166
mirages_10,5,98.0,114.0,G1;B1;Ab1,G minor,0.609,pitched_components_supported_mode_unverified,-12.08,343.8,-4.79,0.0029,0.16,0.256
mirages_10,6,114.0,146.5,Bb1;F1;F#1;B1;Ab1,Bb minor,0.587,pitched_components_supported_mode_unverified,-12.49,397.3,-4.12,0.0026,3.08,0.167
mirages_10,7,146.5,167.5,Ab1;E1;Eb1;G1;Bb2,Ab minor,0.624,pitched_components_supported_mode_unverified,-12.62,288.4,-4.17,0.0027,0.16,0.182
mirages_10,8,167.5,191.0,G1;D3;F3;C#2,G minor,0.762,pitched_components_supported_mode_unverified,-13.35,577.7,-2.68,0.0055,0.7,0.153
mirages_10,9,191.0,281.0,G1;Ab1;D3,G minor,0.575,pitched_components_supported_mode_unverified,-12.47,170.7,-4.56,0.0014,3.36,0.225
mirages_10,10,281.0,371.0,D3;G1;Eb3;Ab1;Eb2,G minor,0.575,pitched_components_supported_mode_unverified,-14.38,348.1,-0.21,0.0012,0.18,0.11
mirages_10,11,371.0,442.5,D3;Eb3;G1,D minor,0.517,pitched_components_supported_mode_unverified,-19.7,254.3,1.11,0.0005,1.72,0.11
mirages_10,12,442.5,481.5,G3;F3;B2;A2;E3;D5;A5,G major,0.701,pitched_components_supported_mode_unverified,-22.74,387.4,2.99,0.0012,1.84,0.059
mirages_10,13,481.5,519.17,G1;D5;G3;F3;B2;A2;Ab1;E3,G major,0.725,pitched_components_supported_mode_unverified,-31.02,462.7,1.79,0.0477,2.86,-0.005
mirages_11,1,0.0,51.0,Eb3;Bb4;G3;B5;G4;Ab3;Bb3;Eb4,Eb major,0.811,pitched_components_supported_mode_unverified,-21.04,765.0,-8.7,0.0054,2.08,0.113
mirages_11,2,51.0,108.5,C3;Eb3;Bb3;Bb2;Ab2;Eb2;G3,C minor,0.867,pitched_components_supported_mode_unverified,-16.79,466.2,-2.79,0.0045,3.28,0.103
mirages_11,3,108.5,142.5,C3;Eb3;Bb3;Bb2;Ab2,C minor,0.836,pitched_components_supported_mode_unverified,-14.5,324.1,-0.51,0.0044,3.28,0.106
mirages_11,4,142.5,165.5,C3;Eb3;Bb2;Bb3;Ab2,C minor,0.832,pitched_components_supported_mode_unverified,-14.42,246.8,-0.28,0.0018,1.38,0.324
mirages_11,5,165.5,207.0,C3;Bb2;Eb3;Ab2;Bb3,C minor,0.726,pitched_components_supported_mode_unverified,-14.39,241.2,-0.0,0.0017,1.38,0.444
mirages_11,6,207.0,272.5,C3;Eb3;Bb2;Bb3;Ab2,C minor,0.855,pitched_components_supported_mode_unverified,-14.36,235.4,-0.59,0.0022,1.38,0.3
mirages_11,7,272.5,362.5,C3;Bb3;Eb3;Ab2;Bb2,C minor,0.842,pitched_components_supported_mode_unverified,-13.79,244.7,-0.29,0.0024,1.38,0.295
mirages_11,8,362.5,366.0,C3;Eb3;G3;Bb2,C minor,0.849,pitched_components_supported_mode_unverified,-13.64,221.6,-0.17,0.0026,1.42,0.435
mirages_11,9,366.0,387.5,Eb3;C3;G3;C2,C minor,0.888,pitched_components_supported_mode_unverified,-13.82,259.9,-1.43,0.003,1.38,0.575
mirages_11,10,387.5,432.5,C3;Eb3;Bb2;G2;Ab2;Bb3;F1,C minor,0.902,pitched_components_supported_mode_unverified,-13.65,254.2,-0.95,0.0037,1.36,0.31
mirages_11,11,432.5,459.0,G3;Eb3;C3;C2;Bb3;G2;Ab2,C minor,0.796,pitched_components_supported_mode_unverified,-16.41,772.2,-2.31,0.0321,0.12,0.249
mirages_11,12,459.0,476.5,C3;Eb3;D4;Bb2;G2;Bb3;G4,Eb major,0.836,pitched_components_supported_mode_unverified,-16.84,844.6,-1.62,0.0379,0.2,0.167
mirages_11,13,476.5,512.5,F1;C3;Eb3;Bb3;G4;G2;Bb2,Bb major,0.659,pitched_components_supported_mode_unverified,-16.87,819.5,-2.42,0.0377,2.82,0.101
mirages_11,14,512.5,537.0,C3;Eb3;Bb2;Bb3;G2;Ab2;G4,C minor,0.874,pitched_components_supported_mode_unverified,-16.97,954.2,-2.22,0.0477,0.1,0.18
mirages_11,15,537.0,607.5,C3;Eb3;Bb3;D4;G2;Bb2;G4,C minor,0.868,pitched_components_supported_mode_unverified,-17.18,777.7,-2.45,0.04,2.96,0.068
mirages_11,16,607.5,645.21,G4;Eb3;C3;Eb4;Bb3;D4;G2,C minor,0.832,pitched_components_supported_mode_unverified,-36.79,1467.6,-3.71,0.0802,3.96,-0.01
mort_aux_vaches_01,1,0.0,90.0,G5,G minor,0.679,insufficient_narrow_peak_support_for_key_claim,-49.67,1656.9,-3.79,0.1384,3.26,0.042
mort_aux_vaches_01,2,90.0,134.5,B1,Bb minor,0.42,insufficient_narrow_peak_support_for_key_claim,-45.11,1634.4,-5.1,0.088,2.0,0.341
mort_aux_vaches_01,3,134.5,178.5,G2;C5;F2;C2;G1;F5;D2;Bb4,C major,0.755,pitched_components_supported_mode_unverified,-40.79,908.9,-3.25,0.0538,2.0,0.316
mort_aux_vaches_01,4,178.5,216.0,C2;G2;F2;F5;D2;C3;Bb4;C5,F major,0.752,pitched_components_supported_mode_unverified,-32.08,802.2,-3.15,0.0296,0.1,0.354
mort_aux_vaches_01,5,216.0,242.0,F2;G2;Bb4;C2;F5;C3;C5;Bb3,F major,0.83,pitched_components_supported_mode_unverified,-30.31,463.0,-0.76,0.0121,1.74,0.125
mort_aux_vaches_01,6,242.0,269.0,C2;D2;G1;G2;Ab2;G3;F1;Bb2,C major,0.764,pitched_components_supported_mode_unverified,-24.78,255.0,-3.72,0.0047,0.2,0.232
mort_aux_vaches_01,7,269.0,317.5,Bb4;F5;C5;G4;F2;C3;G2,F major,0.816,pitched_components_supported_mode_unverified,-24.94,514.1,-0.79,0.0012,0.24,0.078
mort_aux_vaches_01,8,317.5,348.5,C2;F2;G1;G2;D2,C major,0.768,pitched_components_supported_mode_unverified,-22.49,113.1,0.48,0.0001,3.66,0.143
mort_aux_vaches_01,9,348.5,425.5,G1;F2;C2;G2,C major,0.664,pitched_components_supported_mode_unverified,-21.44,55.1,0.73,0.0001,0.24,0.243
mort_aux_vaches_01,10,425.5,451.0,F3;D2;C#3,C# major,0.479,pitched_components_supported_mode_unverified,-21.07,70.3,0.81,0.0001,0.12,0.244
mort_aux_vaches_01,11,451.0,509.0,Ab1;G1;B1;G2,Ab minor,0.561,pitched_components_supported_mode_unverified,-21.68,131.2,-0.82,0.0005,2.64,0.083
mort_aux_vaches_01,12,509.0,599.0,G1;Ab1;B1;Eb3,Ab minor,0.425,pitched_components_supported_mode_unverified,-17.2,287.8,-4.82,0.0015,2.3,0.122
mort_aux_vaches_01,13,599.0,600.5,Ab1;Bb1;B1,Ab minor,0.597,pitched_components_supported_mode_unverified,-18.27,249.0,-8.08,0.0013,0.12,0.197
mort_aux_vaches_01,14,600.5,617.5,Ab1;B1;G1;F#1;F1,Ab minor,0.702,pitched_components_supported_mode_unverified,-19.78,289.3,-5.14,0.0016,2.36,0.211
mort_aux_vaches_01,15,617.5,650.0,G1;Ab1;B1;Bb1,Ab minor,0.46,pitched_components_supported_mode_unverified,-24.52,303.8,-5.81,0.0021,0.12,0.217
mort_aux_vaches_01,16,650.0,740.0,Ab1;G1,Ab minor,0.537,pitched_components_supported_mode_unverified,-22.18,57.2,-1.6,0.0,3.86,0.065
mort_aux_vaches_01,17,740.0,755.5,Ab1;G1;B1;Bb1;F#1;F1,Ab minor,0.643,pitched_components_supported_mode_unverified,-19.77,122.5,-0.71,0.0001,0.1,0.327
mort_aux_vaches_01,18,755.5,773.5,B1;Ab1;G1;Bb1;F#1;F1;C#1,Ab minor,0.716,pitched_components_supported_mode_unverified,-26.02,924.7,-1.15,0.0354,3.64,0.167
mort_aux_vaches_01,19,773.5,826.0,B5;Ab5;A6,Eb major,0.439,pitched_components_supported_mode_unverified,-40.65,2856.9,-3.1,0.1435,3.06,0.144
mort_aux_vaches_01,20,826.0,860.5,Bb6;F5;A4;Bb4;C#6;G6;A6,Bb minor,0.751,pitched_components_supported_mode_unverified,-31.31,2441.0,-2.32,0.0678,2.94,0.086
mort_aux_vaches_01,21,860.5,890.5,G2;A5;G5;F3;D5;D3;A4;C3,G minor,0.737,pitched_components_supported_mode_unverified,-29.66,1999.6,-2.31,0.0507,2.46,0.179
mort_aux_vaches_01,22,890.5,980.5,G2;G5;F3;D3;A4;Bb2;A5;C5,G minor,0.767,pitched_components_supported_mode_unverified,-33.18,709.9,-2.0,0.0044,2.5,0.289
mort_aux_vaches_01,23,980.5,1055.0,F1;D3;G5;A5;A4;G2;F3,D minor,0.824,pitched_components_supported_mode_unverified,-30.39,621.8,-1.19,0.0063,2.42,0.172
mort_aux_vaches_01,24,1055.0,1145.0,D3;G2;F3;G1;G5;A5,D minor,0.752,pitched_components_supported_mode_unverified,-25.82,426.5,-0.87,0.0035,2.08,0.12
mort_aux_vaches_01,25,1145.0,1186.5,D3;Bb1;Bb2;G2,B minor,0.646,pitched_components_supported_mode_unverified,-29.42,411.8,-1.18,0.0073,1.98,0.127
mort_aux_vaches_01,26,1186.5,1230.5,B1;D3;Bb1;F#2;F#3;F2;Ab3,B minor,0.759,pitched_components_supported_mode_unverified,-29.21,309.4,-3.48,0.0053,3.06,0.055
mort_aux_vaches_01,27,1230.5,1257.5,F#3;D3;B1;Bb1;F2,F# major,0.592,pitched_components_supported_mode_unverified,-33.64,141.7,-4.14,0.0,0.2,0.231
mort_aux_vaches_01,28,1257.5,1316.0,B1;F#2;Bb1;D3,F# major,0.755,pitched_components_supported_mode_unverified,-36.29,61.1,-3.66,0.0,0.2,0.234
mort_aux_vaches_01,29,1316.0,1406.0,D2;Eb1;G1;E3;E2,D major,0.577,pitched_components_supported_mode_unverified,-31.08,98.1,-0.83,0.0,0.26,0.15
mort_aux_vaches_01,30,1406.0,1459.5,D2;G1;Eb1;E2;E3,D major,0.613,pitched_components_supported_mode_unverified,-29.28,115.6,-0.74,0.0,0.14,0.181
mort_aux_vaches_01,31,1459.5,1474.5,D2;Eb2;E2;E3;G2,D major,0.644,pitched_components_supported_mode_unverified,-33.86,157.1,-0.74,0.0001,0.1,0.115
mort_aux_vaches_01,32,1474.5,1491.0,D2;Eb2;G2;G1;E3,D major,0.649,pitched_components_supported_mode_unverified,-29.68,153.4,-19.54,0.0001,0.28,0.176
mort_aux_vaches_01,33,1491.0,1521.0,D2;E2;Eb1;E3,D major,0.588,pitched_components_supported_mode_unverified,-28.2,127.6,-19.44,0.0001,2.54,0.079
mort_aux_vaches_01,34,1521.0,1574.0,F#1;F1;Eb1;Ab1;Bb2;B2,Eb minor,0.752,pitched_components_supported_mode_unverified,-31.03,171.3,-13.56,0.0005,0.14,0.216
mort_aux_vaches_01,35,1574.0,1591.5,F#1;Eb1;F1;Bb1;Bb2;Ab1;G1,Eb minor,0.827,pitched_components_supported_mode_unverified,-31.51,220.6,-6.93,0.0024,0.12,0.306
mort_aux_vaches_01,36,1591.5,1621.5,G1;Ab1;Bb1;B1;C2;F#1;F1,Eb major,0.617,pitched_components_supported_mode_unverified,-26.37,306.0,-5.95,0.0041,2.26,0.157
mort_aux_vaches_01,37,1621.5,1652.5,Ab1;G1;B1;Bb1;Eb1;Eb3;D3,Ab minor,0.738,pitched_components_supported_mode_unverified,-24.99,370.6,-7.08,0.0041,3.42,0.16
mort_aux_vaches_01,38,1652.5,1668.5,G1;B1;Ab1,Ab minor,0.481,pitched_components_supported_mode_unverified,-20.03,175.7,-8.22,0.0011,0.2,0.267
mort_aux_vaches_01,39,1668.5,1699.5,Bb1;B1;G1;Ab1;F#1;F1,Bb minor,0.403,pitched_components_supported_mode_unverified,-21.64,197.0,-6.24,0.0013,3.04,0.127
mort_aux_vaches_01,40,1699.5,1728.0,Ab1;G1;E1;Bb1;B1;Eb1;Bb2,Ab minor,0.626,pitched_components_supported_mode_unverified,-23.83,182.7,-6.69,0.0017,0.28,0.114
mort_aux_vaches_01,41,1728.0,1744.5,G1;B1;D3;Eb2,G minor,0.761,pitched_components_supported_mode_unverified,-25.81,345.1,-5.47,0.0034,0.7,0.162
mort_aux_vaches_01,42,1744.5,1834.5,G1;Ab1,G minor,0.529,pitched_components_supported_mode_unverified,-27.66,142.3,-7.74,0.0013,0.28,0.298
mort_aux_vaches_01,43,1834.5,1862.5,G1;Ab1;D3;Eb3;Eb2;D2,G minor,0.63,pitched_components_supported_mode_unverified,-32.65,233.4,-4.75,0.0054,3.2,0.115
mort_aux_vaches_01,44,1862.5,1894.0,D3;G1;Eb3;B1,G minor,0.523,pitched_components_supported_mode_unverified,-44.17,1322.3,-4.94,0.0466,2.34,0.102
mort_aux_vaches_01,45,1894.0,1921.5,D3;Eb3;F#5;A5;G1;D6;C6;D5,D major,0.647,pitched_components_supported_mode_unverified,-40.93,1537.2,-7.32,0.0452,2.0,0.371
mort_aux_vaches_01,46,1921.5,1969.5,Eb2;Ab2;Bb2;B5,C minor,0.816,pitched_components_supported_mode_unverified,-39.12,1406.8,-7.45,0.0468,0.98,0.09
mort_aux_vaches_01,47,1969.5,1988.0,Ab2;G3;C2,Ab major,0.696,pitched_components_supported_mode_unverified,-42.7,1213.2,-0.9,0.0533,0.56,0.19
mort_aux_vaches_01,48,1988.0,2021.5,Eb3;G2;Ab2;G4,C minor,0.929,pitched_components_supported_mode_unverified,-42.14,504.2,-0.09,0.0149,2.42,0.212
mort_aux_vaches_01,49,2021.5,2040.0,G2;Ab2;Bb3,Ab major,0.433,pitched_components_supported_mode_unverified,-38.26,263.3,-2.22,0.0042,2.56,0.308
mort_aux_vaches_01,50,2040.0,2074.0,C2;C3;G2;Ab2;F2;G4,C minor,0.933,pitched_components_supported_mode_unverified,-37.64,303.0,-0.28,0.0097,3.08,0.115
mort_aux_vaches_01,51,2074.0,2102.5,F1;Eb2;C2;F2;F#1,F minor,0.719,pitched_components_supported_mode_unverified,-26.71,366.0,-1.84,0.0084,0.34,0.156
mort_aux_vaches_01,52,2102.5,2145.5,C2;G2;F1;Bb1;Eb2,C minor,0.892,pitched_components_supported_mode_unverified,-28.27,478.7,-0.56,0.0117,0.14,0.295
mort_aux_vaches_01,53,2145.5,2166.5,C2;E1;Eb2;F2;G2;F#2;Eb5,F minor,0.54,pitched_components_supported_mode_unverified,-26.43,772.9,-0.92,0.0167,0.18,0.401
mort_aux_vaches_01,54,2166.5,2185.5,Eb1;Eb2;C2;Eb5;C3;Eb4;G4,Eb major,0.742,pitched_components_supported_mode_unverified,-27.71,573.5,-0.55,0.0135,0.16,0.229
mort_aux_vaches_01,55,2185.5,2208.0,F1;F#1;F2;F#2;Eb2;Eb1;Ab6,F minor,0.502,pitched_components_supported_mode_unverified,-29.72,987.8,-0.56,0.0215,0.42,0.155
mort_aux_vaches_01,56,2208.0,2223.0,C2;G2,C minor,0.844,pitched_components_supported_mode_unverified,-33.01,1108.7,-0.67,0.0351,0.72,0.085
mort_aux_vaches_01,57,2223.0,2240.0,G2;Eb5;Eb6;C2;C3;Eb3;Eb4;B5,C minor,0.829,pitched_components_supported_mode_unverified,-39.72,2440.8,0.09,0.0833,1.06,0.104
mort_aux_vaches_01,58,2240.0,2324.5,G2;C3;C2;F1;Eb2;Eb4;Eb5;F2,C minor,0.79,pitched_components_supported_mode_unverified,-45.76,426.6,-1.14,0.0012,3.38,0.079
mort_aux_vaches_01,59,2324.5,2371.5,G2;C3;Eb2,C minor,0.672,pitched_components_supported_mode_unverified,-27.66,217.1,-6.66,0.0001,2.6,0.121
mort_aux_vaches_01,60,2371.5,2443.91,G2;F1;Eb2;F#1;C2,C major,0.607,pitched_components_supported_mode_unverified,-30.48,96.6,-6.77,0.0082,2.0,0.015
