0	0	Hysteresis Drive	26.00 %
0	1	Hysteresis Saturation	28.00 %
0	2	Hysteresis Bias	50.00 %
0	3	Hysteresis Tone	-20.00 %
0	4	Loss Speed	15.01 ips
0	5	Loss Gap	3.45 μm
0	6	Loss Spacing	0.60 μm
0	7	Loss Thickness	1.35 μm
0	8	Degrade Depth	0.00 %
0	9	Degrade Amount	0.00 %
0	10	Degrade Variance	0.00 %
0	11	Output Mix	60.00 %
0	12	FX Type	Tape
1	0	Pre-Delay Pre-Delay	18.6 ms
1	1	Reverb Room Size	-20.00 %
1	2	Reverb Decay Time	1.74 s
1	3	Reverb Diffusion	82.00 %
1	4	Reverb Buildup	65.00 %
1	5	Reverb Modulation	0.00 %
1	6	EQ LF Damping	45.00 %
1	7	EQ HF Damping	72.00 %
1	8	Output Width	0.00 dB
1	9	Output Mix	16.00 %
1	10	- -	-
1	11	- -	-
1	12	FX Type	Reverb 2
2	0	Freq-Low Shelf	100.0
2	1	Gain-Low Shelf	0.0
2	2	BW-Low Shelf	0.80
2	3	Freq-Band 2	350.0
2	4	Gain-Band 2	-6.0
2	5	BW-Band 2	2.20
2	6	Freq-Band 3	1000.0
2	7	Gain-Band 3	0.0
2	8	BW-Band 3	2.00
2	9	Freq-High Shelf 4	2500.0
2	10	Gain-High Shelf 4	-1.5
2	11	BW-High Shelf 4	0.80
2	12	Freq-High Pass 5	140.0
