0	0	Hysteresis Drive	34.00 %
0	1	Hysteresis Saturation	38.00 %
0	2	Hysteresis Bias	50.00 %
0	3	Hysteresis Tone	-20.00 %
0	4	Loss Speed	15.01 ips
0	5	Loss Gap	3.45 μm
0	6	Loss Spacing	0.60 μm
0	7	Loss Thickness	1.35 μm
0	8	Degrade Depth	0.00 %
0	9	Degrade Amount	0.00 %
0	10	Degrade Variance	0.00 %
0	11	Output Mix	75.00 %
0	12	FX Type	Tape
1	0	Pre-Delay Pre-Delay	18.6 ms
1	1	Reverb Room Size	-20.00 %
1	2	Reverb Decay Time	1.32 s
1	3	Reverb Diffusion	82.00 %
1	4	Reverb Buildup	65.00 %
1	5	Reverb Modulation	0.00 %
1	6	EQ LF Damping	45.00 %
1	7	EQ HF Damping	72.00 %
1	8	Output Width	0.00 dB
1	9	Output Mix	28.00 %
1	10	- -	-
1	11	- -	-
1	12	FX Type	Reverb 2
